<?xml version="1.0" encoding="UTF-8"?>
<GenRun Id="impl_1" LaunchPart="xc7a35tcpg236-1" LaunchTime="1682494099">
  <File Type="ROUTE-PWR" Name="test_env_power_routed.rpt"/>
  <File Type="PA-TCL" Name="test_env.tcl"/>
  <File Type="BITSTR-MMI" Name="test_env.mmi"/>
  <File Type="OPT-METHODOLOGY-DRC" Name="test_env_methodology_drc_opted.rpt"/>
  <File Type="INIT-TIMING" Name="test_env_timing_summary_init.rpt"/>
  <File Type="ROUTE-PWR-SUM" Name="test_env_power_summary_routed.pb"/>
  <File Type="REPORTS-TCL" Name="test_env_reports.tcl"/>
  <File Type="OPT-TIMING" Name="test_env_timing_summary_opted.rpt"/>
  <File Type="OPT-DCP" Name="test_env_opt.dcp"/>
  <File Type="OPT-DRC" Name="test_env_drc_opted.rpt"/>
  <File Type="OPT-HWDEF" Name="test_env.hwdef"/>
  <File Type="PWROPT-DCP" Name="test_env_pwropt.dcp"/>
  <File Type="PWROPT-DRC" Name="test_env_drc_pwropted.rpt"/>
  <File Type="PWROPT-TIMING" Name="test_env_timing_summary_pwropted.rpt"/>
  <File Type="PLACE-DCP" Name="test_env_placed.dcp"/>
  <File Type="PLACE-IO" Name="test_env_io_placed.rpt"/>
  <File Type="PLACE-CLK" Name="test_env_clock_utilization_placed.rpt"/>
  <File Type="PLACE-UTIL" Name="test_env_utilization_placed.rpt"/>
  <File Type="PLACE-UTIL-PB" Name="test_env_utilization_placed.pb"/>
  <File Type="PLACE-CTRL" Name="test_env_control_sets_placed.rpt"/>
  <File Type="PLACE-SIMILARITY" Name="test_env_incremental_reuse_placed.rpt"/>
  <File Type="PLACE-PRE-SIMILARITY" Name="test_env_incremental_reuse_pre_placed.rpt"/>
  <File Type="BG-BIN" Name="test_env.bin"/>
  <File Type="PLACE-TIMING" Name="test_env_timing_summary_placed.rpt"/>
  <File Type="POSTPLACE-PWROPT-DCP" Name="test_env_postplace_pwropt.dcp"/>
  <File Type="BITSTR-MSK" Name="test_env.msk"/>
  <File Type="POSTPLACE-PWROPT-TIMING" Name="test_env_timing_summary_postplace_pwropted.rpt"/>
  <File Type="PHYSOPT-DCP" Name="test_env_physopt.dcp"/>
  <File Type="PHYSOPT-DRC" Name="test_env_drc_physopted.rpt"/>
  <File Type="BITSTR-RBT" Name="test_env.rbt"/>
  <File Type="PHYSOPT-TIMING" Name="test_env_timing_summary_physopted.rpt"/>
  <File Type="ROUTE-ERROR-DCP" Name="test_env_routed_error.dcp"/>
  <File Type="ROUTE-DCP" Name="test_env_routed.dcp"/>
  <File Type="ROUTE-BLACKBOX-DCP" Name="test_env_routed_bb.dcp"/>
  <File Type="ROUTE-DRC" Name="test_env_drc_routed.rpt"/>
  <File Type="ROUTE-DRC-PB" Name="test_env_drc_routed.pb"/>
  <File Type="ROUTE-DRC-RPX" Name="test_env_drc_routed.rpx"/>
  <File Type="ROUTE-METHODOLOGY-DRC" Name="test_env_methodology_drc_routed.rpt"/>
  <File Type="ROUTE-METHODOLOGY-DRC-RPX" Name="test_env_methodology_drc_routed.rpx"/>
  <File Type="ROUTE-METHODOLOGY-DRC-PB" Name="test_env_methodology_drc_routed.pb"/>
  <File Type="ROUTE-PWR-RPX" Name="test_env_power_routed.rpx"/>
  <File Type="ROUTE-STATUS" Name="test_env_route_status.rpt"/>
  <File Type="ROUTE-STATUS-PB" Name="test_env_route_status.pb"/>
  <File Type="ROUTE-TIMINGSUMMARY" Name="test_env_timing_summary_routed.rpt"/>
  <File Type="ROUTE-TIMING-PB" Name="test_env_timing_summary_routed.pb"/>
  <File Type="ROUTE-TIMING-RPX" Name="test_env_timing_summary_routed.rpx"/>
  <File Type="ROUTE-SIMILARITY" Name="test_env_incremental_reuse_routed.rpt"/>
  <File Type="ROUTE-CLK" Name="test_env_clock_utilization_routed.rpt"/>
  <File Type="ROUTE-BUS-SKEW" Name="test_env_bus_skew_routed.rpt"/>
  <File Type="ROUTE-BUS-SKEW-PB" Name="test_env_bus_skew_routed.pb"/>
  <File Type="ROUTE-BUS-SKEW-RPX" Name="test_env_bus_skew_routed.rpx"/>
  <File Type="POSTROUTE-PHYSOPT-DCP" Name="test_env_postroute_physopt.dcp"/>
  <File Type="POSTROUTE-PHYSOPT-BLACKBOX-DCP" Name="test_env_postroute_physopt_bb.dcp"/>
  <File Type="POSTROUTE-PHYSOPT-TIMING" Name="test_env_timing_summary_postroute_physopted.rpt"/>
  <File Type="POSTROUTE-PHYSOPT-TIMING-PB" Name="test_env_timing_summary_postroute_physopted.pb"/>
  <File Type="POSTROUTE-PHYSOPT-TIMING-RPX" Name="test_env_timing_summary_postroute_physopted.rpx"/>
  <File Type="POSTROUTE-PHYSOPT-BUS-SKEW" Name="test_env_bus_skew_postroute_physopted.rpt"/>
  <File Type="BG-BIT" Name="test_env.bit"/>
  <File Type="POSTROUTE-PHYSOPT-BUS-SKEW-PB" Name="test_env_bus_skew_postroute_physopted.pb"/>
  <File Type="POSTROUTE-PHYSOPT-BUS-SKEW-RPX" Name="test_env_bus_skew_postroute_physopted.rpx"/>
  <File Type="BITSTR-NKY" Name="test_env.nky"/>
  <File Type="BITSTR-BMM" Name="test_env_bd.bmm"/>
  <File Type="PDI-FILE" Name="test_env.pdi"/>
  <File Type="RCFI_FILE" Name="test_env.rcfi"/>
  <File Type="CFI_FILE" Name="test_env.cfi"/>
  <File Type="RNPI_FILE" Name="test_env.rnpi"/>
  <File Type="NPI_FILE" Name="test_env.npi"/>
  <File Type="RBD_FILE" Name="test_env.rbd"/>
  <File Type="BITSTR-LTX" Name="debug_nets.ltx"/>
  <File Type="BITSTR-LTX" Name="test_env.ltx"/>
  <File Type="BITSTR-SYSDEF" Name="test_env.sysdef"/>
  <File Type="BG-BGN" Name="test_env.bgn"/>
  <File Type="BG-DRC" Name="test_env.drc"/>
  <File Type="RDI-RDI" Name="test_env.vdi"/>
  <File Type="WBT-USG" Name="usage_statistics_webtalk.html"/>
  <File Type="ROUTE-RQS" Name="test_env_routed.rqs"/>
  <File Type="POSTROUTE-PHYSOPT-RQS" Name="test_env_postroute_physopted.rqs"/>
  <File Type="ROUTE-RQS-RPT" Name="route_report_qor_suggestions_0.rpt"/>
  <File Type="POSTROUTE-PHYSOPT-RQS-RPT" Name="postroute_physopt_report_qor_suggestions_0.rpt"/>
  <FileSet Name="sources" Type="DesignSrcs" RelSrcDir="$PSRCDIR/sources_1" RelGenDir="$PGENDIR/sources_1">
    <Filter Type="Srcs"/>
    <File Path="$PSRCDIR/utils_1/imports/ALU.vhd">
      <FileInfo>
        <Attr Name="UsedIn" Val="synthesis"/>
        <Attr Name="UsedIn" Val="simulation"/>
      </FileInfo>
    </File>
    <File Path="$PSRCDIR/utils_1/imports/EX.vhd">
      <FileInfo>
        <Attr Name="UsedIn" Val="synthesis"/>
        <Attr Name="UsedIn" Val="simulation"/>
      </FileInfo>
    </File>
    <File Path="$PSRCDIR/utils_1/imports/IF_.vhd">
      <FileInfo>
        <Attr Name="UsedIn" Val="synthesis"/>
        <Attr Name="UsedIn" Val="simulation"/>
      </FileInfo>
    </File>
    <File Path="$PSRCDIR/utils_1/imports/I_DECODER.vhd">
      <FileInfo>
        <Attr Name="UsedIn" Val="synthesis"/>
        <Attr Name="UsedIn" Val="simulation"/>
      </FileInfo>
    </File>
    <File Path="$PSRCDIR/utils_1/imports/MPG.vhd">
      <FileInfo>
        <Attr Name="UsedIn" Val="synthesis"/>
        <Attr Name="UsedIn" Val="simulation"/>
      </FileInfo>
    </File>
    <File Path="$PSRCDIR/utils_1/imports/MainControl.vhd">
      <FileInfo>
        <Attr Name="UsedIn" Val="synthesis"/>
        <Attr Name="UsedIn" Val="simulation"/>
      </FileInfo>
    </File>
    <File Path="$PSRCDIR/utils_1/imports/SSD.vhd">
      <FileInfo>
        <Attr Name="UsedIn" Val="synthesis"/>
        <Attr Name="UsedIn" Val="simulation"/>
      </FileInfo>
    </File>
    <File Path="$PSRCDIR/utils_1/imports/mem.vhd">
      <FileInfo>
        <Attr Name="UsedIn" Val="synthesis"/>
        <Attr Name="UsedIn" Val="simulation"/>
      </FileInfo>
    </File>
    <File Path="$PSRCDIR/utils_1/imports/reg_file.vhd">
      <FileInfo>
        <Attr Name="UsedIn" Val="synthesis"/>
        <Attr Name="UsedIn" Val="simulation"/>
      </FileInfo>
    </File>
    <File Path="$PSRCDIR/utils_1/imports/test_env.vhd">
      <FileInfo>
        <Attr Name="UsedIn" Val="synthesis"/>
        <Attr Name="UsedIn" Val="simulation"/>
      </FileInfo>
    </File>
    <Config>
      <Option Name="DesignMode" Val="RTL"/>
      <Option Name="TopModule" Val="test_env"/>
      <Option Name="TopAutoSet" Val="TRUE"/>
    </Config>
  </FileSet>
  <FileSet Name="constrs_in" Type="Constrs" RelSrcDir="$PSRCDIR/constrs_1">
    <Filter Type="Constrs"/>
    <File Path="$PSRCDIR/utils_1/imports/Basys3_test_env.xdc">
      <FileInfo>
        <Attr Name="UsedIn" Val="synthesis"/>
        <Attr Name="UsedIn" Val="implementation"/>
      </FileInfo>
    </File>
    <Config>
      <Option Name="ConstrsType" Val="XDC"/>
    </Config>
  </FileSet>
  <FileSet Name="utils" Type="Utils" RelSrcDir="$PSRCDIR/utils_1">
    <Filter Type="Utils"/>
    <File Path="$PSRCDIR/utils_1/imports/synth_1/test_env.dcp">
      <FileInfo>
        <Attr Name="UsedIn" Val="synthesis"/>
        <Attr Name="UsedIn" Val="implementation"/>
        <Attr Name="UsedInSteps" Val="synth_1"/>
        <Attr Name="AutoDcp" Val="1"/>
      </FileInfo>
    </File>
    <Config>
      <Option Name="TopAutoSet" Val="TRUE"/>
    </Config>
  </FileSet>
  <Strategy Version="1" Minor="2">
    <StratHandle Name="Vivado Implementation Defaults" Flow="Vivado Implementation 2022"/>
    <Step Id="init_design"/>
    <Step Id="opt_design"/>
    <Step Id="power_opt_design"/>
    <Step Id="place_design"/>
    <Step Id="post_place_power_opt_design"/>
    <Step Id="phys_opt_design"/>
    <Step Id="route_design"/>
    <Step Id="post_route_phys_opt_design"/>
    <Step Id="write_bitstream"/>
  </Strategy>
</GenRun>
